{
  "position": [
    29.299976348876953,
    -0.17535893619060516,
    10.305991172790527
  ],
  "rotation_coeffs": [
    0.0,
    0.047977935522794724,
    0.0,
    0.9988484382629395
  ],
  "sensor_states": {
    "color_sensor": {
      "position": [
        29.012269973754883,
        5.8916168212890625,
        7.31804084777832
      ],
      "rotation_coeffs": [
        -0.29620033502578735,
        0.045819882303476334,
        0.014227463863790035,
        0.9539201259613037
      ]
    },
    "depth_sensor": {
      "position": [
        29.012269973754883,
        5.8916168212890625,
        7.31804084777832
      ],
      "rotation_coeffs": [
        -0.29620033502578735,
        0.045819882303476334,
        0.014227463863790035,
        0.9539201259613037
      ]
    }
  },
  "format": "habitat_agent_viewpoint_v1",
  "note": "Load with gaussian_viewer.py --viewpoint this_file.json"
}